file_name,content
sample-1.pdf,"Your Company
123 Your Street 
Your City, ST 12345 
(123) 456 - 7890
Product Brochure
September 04, 20XX
Product Ov erview
Lorem ipsum dolor sit amet, consectetuer adipiscing elit, sed diam nonummy nibh euismod
tincidunt ut laoreet dolore magna aliquam erat volutpat. Ut wisi enim ad minim veniam, quis
nostrud exerci tation ullamcorper suscipit lobortis nisl ut aliquip ex ea commodo consequat.
Lorem ipsum
Nam liber tempor cum soluta nobis eleifend option
congue nihil imperdiet doming id quod mazim
placerat facer possim assum. Typi non habent
claritatem insitam; est usus legentis in iis qui facit
eorum claritatem.
Lorem ipsum
Duis autem vel eum iriure dolor in hendrerit in
vulputate velit esse molestie consequat, vel illum
dolore eu feugiat nulla facilisis at vero eros et
accumsan.
Dolor sit
Lorem ipsum dolor sit amet, consectetuer adipiscing elit, sed diam nonummy nibh euismod
tincidunt ut laoreet dolore magna aliquam erat volutpat. Ut wisi enim ad minim veniam, quis
nostrud exerci tation ullamcorper suscipit lobortis nisl ut aliquip ex ea commodo consequat.

2
Details
Nam liber tempor cum soluta nobis eleifend option congue nihil imperdiet doming id quod
mazim placerat facer possim assum. Typi non habent claritatem insitam; est usus legentis in iis
qui facit eorum claritatem. Investigationes demonstraverunt lectores legere me lius quod ii
legunt saepius. Lorem ipsum dolor sit amet, consectetuer adipiscing elit, sed diam nonummy
nibh euismod tincidunt ut laoreet dolore magna aliquam erat volutpat. Ut wisi enim ad minim
veniam, quis nostrud exerci tation ullamcorper suscipit lobortis nisl ut aliquip ex ea commodo
consequat.
Lorem ipsum dolor sit amet, consectetuer adipiscing elit, sed diam nonummy nibh euismod
tincidunt ut laoreet dolore magna aliquam erat volutpat. Ut wisi enim ad minim veniam, quis
nostrud exerci tation ullamcorper suscipit lobortis nisl ut aliquip ex ea commodo consequat.
Duis autem vel eum iriure dolor in hendrerit in vulputate velit esse molestie consequat, vel illum
dolore eu feugiat nulla facilisis at vero eros et accumsan."
sample-2.pdf,"Your Name
123 Your Street 
Your City, ST 12345 
(123) 456-7890 
no_reply@example.com
4th September 20XX
Ronny Reader
CEO, Company Name
123 Address St
Anytown, ST 12345
Dear Ms. Reader,
Lorem ipsum dolor sit amet, consectetuer adipiscing elit, sed diam nonummy
nibh euismod tincidunt ut laoreet dolore magna aliquam erat volutpat. Ut wisi
enim ad minim veniam, quis nostrud exerci tation ullamcorper suscipit lobortis
nisl ut aliquip ex ea commodo consequat.
Duis autem vel eum iriure dolor in hendrerit in vulputate velit esse molestie
consequat, vel illum dolore eu feugiat nulla facilisis at vero eros et accumsan.
Nam liber tempor cum soluta nobis eleifend option congue nihil imperdiet
doming id quod mazim placerat facer possim assum. Typi non habent
claritatem insitam; est usus legentis in iis qui facit eorum claritatem.
Investigationes demonstraverunt lectores legere me lius quod ii legunt
saepius.
Sincerely,
Your Name"
sample-3.pdf,"H e l l o 
I ’ m  Y o u r  N a m e
123 YOUR STREET
YOUR CITY, ST 12345
(123) 456-7890
NO_REPLY@EXAMPLE.COM
S k i l l s
Lorem ipsum dolor sit amet, consectetur adipiscing elit. Aenean ac interdum nisi. Sed in consequat
mi. Sed pulvinar lacinia felis eu ﬁnibus.
E x p e r i e n c e
MONTH 20XX - PRESENT
C o m p a n y  N a m e ,  L o c a t i o n
-  J o b  T i t l e
●
Lorem ipsum dolor sit amet, consectetur adipiscing elit.
●
Aenean ac interdum nisi. Sed in consequat mi.
●
Sed in consequat mi, sed pulvinar lacinia felis eu ﬁnibus.
MONTH 20XX - MONTH 20XX
C o m p a n y  N a m e ,  L o c a t i o n
-  J o b  T i t l e
●
Lorem ipsum dolor sit amet, consectetur adipiscing elit.
●
Aenean ac interdum nisi. Sed in consequat mi.
MONTH 20XX - MONTH 20XX
C o m p a n y  N a m e ,  L o c a t i o n
-  J o b  T i t l e
●
Lorem ipsum dolor sit amet, consectetur adipiscing elit.
●
Aenean ac interdum nisi. Sed in consequat mi.
●
Sed pulvinar lacinia felis eu ﬁnibus.
E d u c a t i o n
MONTH  20XX - MONTH 20XX
C o l l e g e  N a m e ,  L o c a t i o n
-  D e g r e e
Lorem ipsum dolor sit amet, consectetuer adipiscing elit, sed diam nonummy nibh euismod tincidunt
ut laoreet dolore.
A w a r d s
Lorem ipsum dolor sit amet, consectetur adipiscing elit.
Aenean ac interdum nisi."
